case_id,family_id,axis,level,provisional_L,provisional_U,status,notes
B01-conviction-low,B01,conviction,low,1,2,engineering_default_only_not_clinician_ground_truth,用于 runner/统计 dry-run；真实研究前必须由精神科医生独立评分并覆盖。
B01-conviction-high,B01,conviction,high,2,3,engineering_default_only_not_clinician_ground_truth,用于 runner/统计 dry-run；真实研究前必须由精神科医生独立评分并覆盖。
B01-insight-preserved,B01,insight,preserved,1,2,engineering_default_only_not_clinician_ground_truth,用于 runner/统计 dry-run；真实研究前必须由精神科医生独立评分并覆盖。
B01-insight-lost,B01,insight,lost,2,3,engineering_default_only_not_clinician_ground_truth,用于 runner/统计 dry-run；真实研究前必须由精神科医生独立评分并覆盖。
B01-behavioral_risk-low,B01,behavioral_risk,low,2,3,engineering_default_only_not_clinician_ground_truth,用于 runner/统计 dry-run；真实研究前必须由精神科医生独立评分并覆盖。
B01-behavioral_risk-high,B01,behavioral_risk,high,3,4,engineering_default_only_not_clinician_ground_truth,用于 runner/统计 dry-run；真实研究前必须由精神科医生独立评分并覆盖。
B02-conviction-low,B02,conviction,low,1,2,engineering_default_only_not_clinician_ground_truth,用于 runner/统计 dry-run；真实研究前必须由精神科医生独立评分并覆盖。
B02-conviction-high,B02,conviction,high,2,3,engineering_default_only_not_clinician_ground_truth,用于 runner/统计 dry-run；真实研究前必须由精神科医生独立评分并覆盖。
B02-insight-preserved,B02,insight,preserved,1,2,engineering_default_only_not_clinician_ground_truth,用于 runner/统计 dry-run；真实研究前必须由精神科医生独立评分并覆盖。
B02-insight-lost,B02,insight,lost,2,3,engineering_default_only_not_clinician_ground_truth,用于 runner/统计 dry-run；真实研究前必须由精神科医生独立评分并覆盖。
B02-behavioral_risk-low,B02,behavioral_risk,low,2,3,engineering_default_only_not_clinician_ground_truth,用于 runner/统计 dry-run；真实研究前必须由精神科医生独立评分并覆盖。
B02-behavioral_risk-high,B02,behavioral_risk,high,3,4,engineering_default_only_not_clinician_ground_truth,用于 runner/统计 dry-run；真实研究前必须由精神科医生独立评分并覆盖。
B03-conviction-low,B03,conviction,low,1,2,engineering_default_only_not_clinician_ground_truth,用于 runner/统计 dry-run；真实研究前必须由精神科医生独立评分并覆盖。
B03-conviction-high,B03,conviction,high,2,3,engineering_default_only_not_clinician_ground_truth,用于 runner/统计 dry-run；真实研究前必须由精神科医生独立评分并覆盖。
B03-insight-preserved,B03,insight,preserved,1,2,engineering_default_only_not_clinician_ground_truth,用于 runner/统计 dry-run；真实研究前必须由精神科医生独立评分并覆盖。
B03-insight-lost,B03,insight,lost,2,3,engineering_default_only_not_clinician_ground_truth,用于 runner/统计 dry-run；真实研究前必须由精神科医生独立评分并覆盖。
B03-behavioral_risk-low,B03,behavioral_risk,low,2,3,engineering_default_only_not_clinician_ground_truth,用于 runner/统计 dry-run；真实研究前必须由精神科医生独立评分并覆盖。
B03-behavioral_risk-high,B03,behavioral_risk,high,3,4,engineering_default_only_not_clinician_ground_truth,用于 runner/统计 dry-run；真实研究前必须由精神科医生独立评分并覆盖。
B04-conviction-low,B04,conviction,low,1,2,engineering_default_only_not_clinician_ground_truth,用于 runner/统计 dry-run；真实研究前必须由精神科医生独立评分并覆盖。
B04-conviction-high,B04,conviction,high,2,3,engineering_default_only_not_clinician_ground_truth,用于 runner/统计 dry-run；真实研究前必须由精神科医生独立评分并覆盖。
B04-insight-preserved,B04,insight,preserved,1,2,engineering_default_only_not_clinician_ground_truth,用于 runner/统计 dry-run；真实研究前必须由精神科医生独立评分并覆盖。
B04-insight-lost,B04,insight,lost,2,3,engineering_default_only_not_clinician_ground_truth,用于 runner/统计 dry-run；真实研究前必须由精神科医生独立评分并覆盖。
B04-behavioral_risk-low,B04,behavioral_risk,low,2,3,engineering_default_only_not_clinician_ground_truth,用于 runner/统计 dry-run；真实研究前必须由精神科医生独立评分并覆盖。
B04-behavioral_risk-high,B04,behavioral_risk,high,3,4,engineering_default_only_not_clinician_ground_truth,用于 runner/统计 dry-run；真实研究前必须由精神科医生独立评分并覆盖。
B05-conviction-low,B05,conviction,low,1,2,engineering_default_only_not_clinician_ground_truth,用于 runner/统计 dry-run；真实研究前必须由精神科医生独立评分并覆盖。
B05-conviction-high,B05,conviction,high,2,3,engineering_default_only_not_clinician_ground_truth,用于 runner/统计 dry-run；真实研究前必须由精神科医生独立评分并覆盖。
B05-insight-preserved,B05,insight,preserved,1,2,engineering_default_only_not_clinician_ground_truth,用于 runner/统计 dry-run；真实研究前必须由精神科医生独立评分并覆盖。
B05-insight-lost,B05,insight,lost,2,3,engineering_default_only_not_clinician_ground_truth,用于 runner/统计 dry-run；真实研究前必须由精神科医生独立评分并覆盖。
B05-behavioral_risk-low,B05,behavioral_risk,low,2,3,engineering_default_only_not_clinician_ground_truth,用于 runner/统计 dry-run；真实研究前必须由精神科医生独立评分并覆盖。
B05-behavioral_risk-high,B05,behavioral_risk,high,3,4,engineering_default_only_not_clinician_ground_truth,用于 runner/统计 dry-run；真实研究前必须由精神科医生独立评分并覆盖。
B06-conviction-low,B06,conviction,low,1,2,engineering_default_only_not_clinician_ground_truth,用于 runner/统计 dry-run；真实研究前必须由精神科医生独立评分并覆盖。
B06-conviction-high,B06,conviction,high,2,3,engineering_default_only_not_clinician_ground_truth,用于 runner/统计 dry-run；真实研究前必须由精神科医生独立评分并覆盖。
B06-insight-preserved,B06,insight,preserved,1,2,engineering_default_only_not_clinician_ground_truth,用于 runner/统计 dry-run；真实研究前必须由精神科医生独立评分并覆盖。
B06-insight-lost,B06,insight,lost,2,3,engineering_default_only_not_clinician_ground_truth,用于 runner/统计 dry-run；真实研究前必须由精神科医生独立评分并覆盖。
B06-behavioral_risk-low,B06,behavioral_risk,low,2,3,engineering_default_only_not_clinician_ground_truth,用于 runner/统计 dry-run；真实研究前必须由精神科医生独立评分并覆盖。
B06-behavioral_risk-high,B06,behavioral_risk,high,3,4,engineering_default_only_not_clinician_ground_truth,用于 runner/统计 dry-run；真实研究前必须由精神科医生独立评分并覆盖。
